,Diabetes_Prevalence_Rate_AgeStandardised,Diabetes_Treatment_Rate_AgeStandardised,Obesity_Prevalence_AgeStandardised,BMI_AgeStandardised,Total_Cholesterol_AgeStandardised,NonHDL_Cholesterol_AgeStandardised
count,33.0,33.0,33.0,0.0,39.0,39.0
mean,5.3371067130005265,55.795534090256695,22.931129652116194,,5.2263973980383485,3.844623415132575
std,1.3236034935458576,6.462734543028205,5.353747711499585,,0.31579480206103244,0.34816613327933504
min,3.5331126246602396,45.30125327166465,13.142346624770656,,4.65960058324142,3.20233452243068
25%,4.226029947114846,50.0756472452217,18.66227419703568,,4.954040286443715,3.545739370626565
50%,5.08653979305309,56.30696105076856,23.719853002073556,,5.270344803305965,3.909720983880165
75%,6.26081077526962,61.49931740422375,27.24134378919158,,5.53415165528188,4.193136912748643
max,8.119828387620334,65.37064600101226,31.02439846757464,,5.61099476700229,4.231873241643795
