,Dementia_Mortality_Rate_ASMR,CVD_Mortality_Rate_ASMR
count,14.0,43.0
mean,16.431034138825083,291.9372093023256
std,10.765266524573619,138.3286132698851
min,5.043516087240219,119.7
25%,7.37042820129357,166.05
50%,13.901250174973832,255.8
75%,18.411532112033434,396.3
max,36.987208507104086,560.4
