,LA_perc_kcal_lag5,LA_perc_kcal_lag10,LA_perc_kcal_lag15,LA_perc_kcal_lag20
BMI_AgeStandardised,,,,
Obesity_Prevalence_AgeStandardised,0.9031284510632057,0.9109832852916521,0.9386396545467532,0.9491158846054067
Diabetes_Prevalence_Rate_AgeStandardised,0.9087077224818995,0.9003547657084239,0.9233975689343452,0.9078556404424378
CVD_Mortality_Rate_ASMR,-0.9477281782297186,-0.9485239561709596,-0.9557900765015949,-0.9597200725815461
Dementia_Mortality_Rate_ASMR,0.1661484644720535,0.4689809057197355,0.45832963054918663,0.10645160321255835
